{"cameraMode":{"drawMode":0,"name":"Shaded","section":"Shading Mode"},"sceneLighting":true,"audioPlay":false,"sceneViewState":{"m_AlwaysRefresh":false,"showFog":true,"showSkybox":true,"showFlares":true,"showImageEffects":true,"showParticleSystems":true,"showVisualEffectGraphs":true,"m_FxEnabled":true},"in2DMode":false,"pivot":{"x":1.6138315200805665,"y":3.20327091217041,"z":-3.113344669342041},"rotation":{"x":-0.010670404881238938,"y":0.8124635815620422,"z":-0.014877812005579472,"w":-0.5827271938323975},"size":3.1553409099578859,"orthographic":false}